employee_id,name,department,shift_id,pickup_zone
E00001,Larry Dixon,HR,S1,Hebbal
E00002,Kenneth Scott,HR,S2,HSR Layout
E00003,April Frost,Sales,S1,Whitefield
E00004,Michelle Harmon,Sales,S2,Electronic City
E00005,Helen Jones,Sales,S2,HSR Layout
E00006,Erin Edwards,Engineering,S2,Marathahalli
E00007,Michelle Evans,Finance,S1,HSR Layout
E00008,Jason Powell,Finance,S3,Koramangala
E00009,Cameron Fisher,Sales,S1,Whitefield
E00010,Megan Orr,HR,S1,HSR Layout
E00011,Elizabeth Kelley,HR,S1,Koramangala
E00012,Dustin Jordan,Sales,S2,Electronic City
E00013,Mary Marshall,Sales,S2,HSR Layout
E00014,Daniel Kennedy,Operations,S1,Indiranagar
E00015,Rebecca Jackson,Operations,S2,Marathahalli
E00016,Jose Schultz,HR,S1,Whitefield
E00017,Robert Potter,Finance,S2,Marathahalli
E00018,Courtney Gonzalez,Engineering,S1,Whitefield
E00019,David Alvarez,Customer Support,S2,Marathahalli
E00020,Angel Perry,Engineering,S1,Indiranagar
E00021,Cheyenne Horton,HR,S3,Indiranagar
E00022,David Douglas Jr.,Engineering,S1,Electronic City
E00023,Patricia Rodriguez,Engineering,S1,Hebbal
E00024,Christopher Rubio,Operations,S1,Koramangala
E00025,Amber Wright,HR,S3,Hebbal
E00026,Joyce Solis,Customer Support,S3,Koramangala
E00027,Victoria Larson,Operations,S1,BTM Layout
E00028,Stephanie Salazar,Sales,S2,Indiranagar
E00029,Kathy Rivas,Finance,S3,HSR Layout
E00030,Stephanie Manning,Finance,S2,Marathahalli
E00031,David Wright,Engineering,,Hebbal
E00032,Pamela Boyd,Operations,S1,Indiranagar
E00033,Denise Jones,Customer Support,S1,Electronic City
E00034,Devon Flores,HR,S3,Whitefield
E00035,Brenda Hall,HR,S3,Indiranagar
E00036,Michelle Brown,Engineering,S2,Indiranagar
E00037,Joshua Perry,Sales,S1,Electronic City
E00038,Jason Stein,Operations,S1,Whitefield
E00039,Melissa Gates,Engineering,S2,Electronic City
E00040,Jamie Smith,Engineering,S3,Marathahalli
E00041,Paul Castaneda,Customer Support,S3,Indiranagar
E00042,Jennifer Adkins,Operations,S2,Hebbal
E00043,Lindsey Walker,Sales,S2,Koramangala
E00044,Jeffrey Johnson,Operations,S1,Hebbal
E00045,Michael Powell,Finance,S1,Hebbal
E00046,John Anderson,Engineering,S3,Indiranagar
E00047,Alyssa Long,Sales,S2,Electronic City
E00048,Alyssa Day,Customer Support,S1,BTM Layout
E00049,Joel Williams,Finance,S1,BTM Layout
E00050,Daniel Murphy,Sales,S2,Hebbal
E00051,Jamie Walton,Sales,S1,Whitefield
E00052,Darlene Miller,Engineering,S1,Electronic City
E00053,Joshua Cooke,Sales,S2,BTM Layout
E00054,Matthew Harrington,Engineering,S2,Marathahalli
E00055,Nicole Herring,Operations,S2,Indiranagar
E00056,Alex Hernandez,HR,S1,Indiranagar
E00057,Michael Elliott,Operations,S2,Hebbal
E00058,Michael Wang,Operations,S1,BTM Layout
E00059,Lawrence Adkins,Finance,S1,HSR Layout
E00060,Robert Oconnell,Engineering,S2,Indiranagar
E00061,Alexander Collins,HR,S2,Hebbal
E00062,Tina Sanders,Engineering,S3,Electronic City
E00063,Angela Vaughn,Engineering,S2,Whitefield
E00064,Ashley Barton,Operations,,Indiranagar
E00065,Lindsay Martinez,Finance,S1,BTM Layout
E00066,Dr. Hannah Patterson,Operations,,Hebbal
E00067,Jonathan Peterson,Engineering,,BTM Layout
E00068,Samantha Garcia,Finance,,Koramangala
E00069,Madison Poole,Finance,S3,Whitefield
E00070,Jessica Gross,Finance,S1,HSR Layout
E00071,Debra Morton,Finance,S3,HSR Layout
E00072,Karen Graham,Operations,S2,Hebbal
E00073,Debra Christian,Customer Support,S2,Indiranagar
E00074,Angelica Keith,Engineering,S2,Indiranagar
E00075,John Bishop,Sales,S2,Whitefield
E00076,Allen Rosales,Engineering,S1,Marathahalli
E00077,Daniel Salinas,HR,S1,Whitefield
E00078,Spencer Haynes,HR,S2,Hebbal
E00079,Adam Vaughan,Engineering,,Koramangala
E00080,Nathan Freeman,Operations,S1,Electronic City
E00081,Melissa Brewer,HR,S2,Electronic City
E00082,Ricky Davis II,Sales,S1,Electronic City
E00083,Elizabeth Perkins,Finance,S3,Indiranagar
E00084,Joseph Coleman,HR,S3,Electronic City
E00085,Erin Warner,HR,S3,Indiranagar
E00086,David Martinez,HR,S1,Whitefield
E00087,Bryan Herrera,Finance,S1,Electronic City
E00088,Cathy Robinson,Customer Support,S3,Marathahalli
E00089,Dr. William Warren,Sales,S1,Indiranagar
E00090,Brian Lee,Operations,S3,Marathahalli
E00091,Christopher Smith,Finance,S3,HSR Layout
E00092,Denise Mccann,Sales,S3,Koramangala
E00093,Melissa Martinez,Finance,S1,HSR Layout
E00094,Katherine Salas,Engineering,S1,Marathahalli
E00095,Julie Alexander,Finance,S3,Whitefield
E00096,Anthony Everett,Engineering,S1,Electronic City
E00097,Rodney Morales,HR,S1,Indiranagar
E00098,Mark Brown,Operations,S2,HSR Layout
E00099,Justin Torres,Engineering,S3,Marathahalli
E00100,Bailey Duran DDS,Customer Support,S2,Indiranagar
E00101,Courtney Mills,Operations,S2,HSR Layout
E00102,Jeremy Dalton,HR,S1,Hebbal
E00103,Elizabeth Oliver DDS,HR,S2,HSR Layout
E00104,Theresa Clark,Sales,S3,Whitefield
E00105,Matthew Moore,Sales,S1,HSR Layout
E00106,Benjamin Smith,Operations,S2,Electronic City
E00107,Kirk Carter,Engineering,S3,HSR Layout
E00108,Michael Warner,Sales,S2,Electronic City
E00109,Michael Bradshaw,Customer Support,S2,Koramangala
E00110,Lori Guerrero,HR,S2,HSR Layout
E00111,Jessica Stephens,Sales,S1,Indiranagar
E00112,Susan Serrano,Operations,S1,Marathahalli
E00113,Christopher Parker,HR,S3,HSR Layout
E00114,Laura Roberts,Customer Support,S3,Hebbal
E00115,Michael Lyons,Engineering,S3,Whitefield
E00116,Kathryn Snyder,Customer Support,S3,BTM Layout
E00117,Andrew Reynolds,Engineering,S2,Whitefield
E00118,David Davis,Operations,S2,Marathahalli
E00119,Sara Johnston,Operations,S2,HSR Layout
E00120,Yvonne Chambers,HR,S2,Hebbal
E00121,Andrew Avila,HR,S2,BTM Layout
E00122,Matthew Moon,Engineering,S2,Whitefield
E00123,Kevin Walters,Sales,S3,Electronic City
E00124,Brandon Bailey MD,HR,S1,Koramangala
E00125,Shannon Rivera,Customer Support,S1,Whitefield
E00126,Donna Landry,Finance,S1,Koramangala
E00127,Krista Gibson,Engineering,S2,Koramangala
E00128,Frank Cordova,Customer Support,S1,HSR Layout
E00129,Jose Travis,Customer Support,S1,Whitefield
E00130,Kimberly Gutierrez,Sales,S2,Indiranagar
E00131,Isaiah Avila,Sales,S1,Indiranagar
E00132,Olivia Harris,Customer Support,S2,Electronic City
E00133,Tanya Kim,HR,S1,BTM Layout
E00134,Barbara Dudley,Operations,S1,Koramangala
E00135,Cynthia Moore,Operations,S3,Koramangala
E00136,Kristen Davis,Engineering,S1,BTM Layout
E00137,Susan Murray MD,Sales,S1,Koramangala
E00138,Kathleen Moran,Finance,S2,Marathahalli
E00139,Denise Davenport,Customer Support,S2,Indiranagar
E00140,Mrs. Kristen Reyes,Sales,S1,Koramangala
E00141,Katie Suarez,Finance,S2,Electronic City
E00142,Desiree Tyler,Finance,S1,Whitefield
E00143,Timothy Romero,Operations,S1,Indiranagar
E00144,Diane Evans,Customer Support,S2,Hebbal
E00145,Yvonne Burns,Operations,S2,HSR Layout
E00146,Joshua Reed,Engineering,S2,Indiranagar
E00147,Kimberly Gibson,Finance,S2,Indiranagar
E00148,Colin Terry,Customer Support,S3,Marathahalli
E00149,Cynthia Rowe,Customer Support,S2,Electronic City
E00150,Patrick Thornton,Sales,S1,Marathahalli
E00151,Jasmin Alvarado,Sales,S2,BTM Layout
E00152,Veronica Simpson,Engineering,S1,Marathahalli
E00153,Jonathan Lawrence,Customer Support,S1,Electronic City
E00154,Shelly Alexander,HR,S1,Koramangala
E00155,Joyce Bowen,Engineering,S1,HSR Layout
E00156,Matthew Moore,HR,S3,Electronic City
E00157,Wayne Morgan,Customer Support,S3,BTM Layout
E00158,Marie Christian,Finance,S2,Marathahalli
E00159,Shannon James,Finance,S1,Electronic City
E00160,Nathan Malone,Customer Support,S1,Indiranagar
E00161,Amanda Jones,Sales,S1,Whitefield
E00162,Tammie Bright,Engineering,S1,BTM Layout
E00163,Jessica Garcia,Customer Support,S2,Indiranagar
E00164,Shelia Wallace,Engineering,S2,BTM Layout
E00165,Stephanie Williams,HR,S2,Marathahalli
E00166,Elaine Brooks,Sales,S1,Marathahalli
E00167,Joseph Knight,Sales,S3,Electronic City
E00168,Carolyn Miller,HR,S2,HSR Layout
E00169,Lisa Allen,Sales,S2,HSR Layout
E00170,Briana Murray,Customer Support,S2,BTM Layout
E00171,David Smith,Sales,S1,BTM Layout
E00172,Stephanie Byrd,HR,S1,HSR Layout
E00173,Jeremy Reed,Operations,S1,Koramangala
E00174,Margaret Coleman,Sales,S2,BTM Layout
E00175,Ryan Gonzalez,Sales,S1,BTM Layout
E00176,John Young,HR,S1,Koramangala
E00177,Laura Haney,Finance,S1,HSR Layout
E00178,William Barrett,Customer Support,S1,Whitefield
E00179,Keith Jennings,Operations,S3,HSR Layout
E00180,Amber Obrien,HR,S2,BTM Layout
E00181,Tanner Mitchell DDS,Finance,S1,Marathahalli
E00182,Heather Fields,Finance,S1,Hebbal
E00183,Megan Le,HR,S1,Indiranagar
E00184,Sara Fuller,Sales,S1,Hebbal
E00185,Maria Parker,Sales,S1,Koramangala
E00186,Kevin Oconnor,Customer Support,S1,Electronic City
E00187,Edward Burgess,Engineering,S1,Marathahalli
E00188,Carlos Ryan,Sales,S2,Indiranagar
E00189,Kiara Mcintyre,Operations,S2,HSR Layout
E00190,Dawn Summers,Operations,S1,Indiranagar
E00191,Dr. Paul Morgan,Engineering,S1,Whitefield
E00192,Victor Taylor,Finance,S2,Indiranagar
E00193,Shannon Ramsey,Finance,S2,Electronic City
E00194,Tracy Ballard,Sales,S3,BTM Layout
E00195,Richard Smith,Sales,S2,Indiranagar
E00196,Jordan Chambers,Finance,S1,BTM Layout
E00197,Lauren Carson,Operations,S1,BTM Layout
E00198,Ashley Hall,Sales,S2,Koramangala
E00199,Stephen Hoffman,Engineering,S1,Whitefield
E00200,Connie Brown,Operations,S2,BTM Layout
E00201,Susan Turner,Sales,S3,Koramangala
E00202,Charles Shah,Engineering,S2,Hebbal
E00203,Johnathan Davis,Engineering,S1,Indiranagar
E00204,Brandy Chavez,Operations,S2,Hebbal
E00205,Natalie Bautista,Sales,S1,Hebbal
E00206,Patrick Moore,Finance,S2,Marathahalli
E00207,Brett Burns,HR,S3,BTM Layout
E00208,Trevor Johnson,Operations,S1,Hebbal
E00209,Jeremy Sampson,Finance,S3,Hebbal
E00210,Ariana Jennings,Operations,S3,HSR Layout
E00211,Vanessa Howard,HR,S1,HSR Layout
E00212,Colton Martinez,Sales,S1,Hebbal
E00213,Jordan Bates,Customer Support,S1,Indiranagar
E00214,Linda Smith,Engineering,S1,Hebbal
E00215,Dana Martinez,Operations,S1,HSR Layout
E00216,Andrea Hubbard,Customer Support,S2,
E00217,Daniel Kane,HR,S1,Marathahalli
E00218,Charles Lester,Operations,S1,Electronic City
E00219,Scott Thomas,Operations,S3,Koramangala
E00220,David Thompson,Sales,S1,BTM Layout
E00221,Allison Smith,Sales,S3,Koramangala
E00222,Cynthia Morris,Engineering,S1,Indiranagar
E00223,Anthony Harmon,Finance,S1,BTM Layout
E00224,Nichole Alvarez,HR,S2,Marathahalli
E00225,Kayla Rodriguez,Finance,S2,Hebbal
E00226,Theresa Williams,Operations,S3,Whitefield
E00227,Sharon Boyd,Finance,S2,BTM Layout
E00228,Victor Brown,HR,S3,Whitefield
E00229,James Parks,Finance,S1,BTM Layout
E00230,Theodore Jones Jr.,Customer Support,S1,Whitefield
E00231,Ana Hill,Finance,S2,HSR Layout
E00232,Kimberly Nguyen,HR,S3,BTM Layout
E00233,Kerry Chavez DDS,Finance,S3,Indiranagar
E00234,Michael Farrell,Customer Support,S1,Indiranagar
E00235,Patricia Le,Finance,S1,BTM Layout
E00236,Jesse Perez,Finance,S2,Whitefield
E00237,Jesse Perry,Sales,S1,Marathahalli
E00238,Jeffery Ortega,Sales,S3,BTM Layout
E00239,Christian Leblanc,Finance,S3,Koramangala
E00240,Ronald Davis,HR,S1,Koramangala
E00241,Parker Cain,Finance,S2,Whitefield
E00242,Laurie Hoffman,Engineering,S2,Whitefield
E00243,Bryan Gomez,Operations,S1,BTM Layout
E00244,Nicole Parrish,Operations,S3,Hebbal
E00245,Tracy Burke,Customer Support,S2,
E00246,Kenneth Lewis,Customer Support,S3,BTM Layout
E00247,Courtney Rodriguez,Finance,S1,Indiranagar
E00248,Holly Farmer,Customer Support,S3,Marathahalli
E00249,Renee Bruce,Customer Support,S1,BTM Layout
E00250,Sabrina Austin,Customer Support,S1,BTM Layout
E00251,Allison Hickman,Finance,S3,Electronic City
E00252,Debra White,Sales,S1,Whitefield
E00253,Ellen Morgan,Customer Support,S1,Whitefield
E00254,Sergio Knight,Sales,S3,Indiranagar
E00255,Charles Schultz,Sales,S3,Electronic City
E00256,Paul Lewis,Engineering,S2,Whitefield
E00257,Glen Wood,Operations,S2,Indiranagar
E00258,Paula Bradley,HR,S1,Whitefield
E00259,Anthony Moore,Operations,S1,Koramangala
E00260,Megan Nelson,Finance,S1,Koramangala
E00261,Karla Ramos,HR,,Electronic City
E00262,Paul Wilson,Finance,S2,Indiranagar
E00263,Douglas Gregory,Customer Support,S2,HSR Layout
E00264,Mr. Andrew Foster,HR,S2,Koramangala
E00265,Aimee Turner,Operations,S1,Electronic City
E00266,Chad Scott,Engineering,S1,HSR Layout
E00267,Adam Burgess,Customer Support,S1,Whitefield
E00268,James Padilla,Finance,S2,BTM Layout
E00269,Sandra Drake,Engineering,S1,Indiranagar
E00270,Scott Williams,Engineering,S3,Indiranagar
E00271,Thomas Atkins,Sales,S1,HSR Layout
E00272,Laura Mckinney,HR,S1,Electronic City
E00273,Brian Smith,Customer Support,S1,Whitefield
E00274,Robert Montgomery,Sales,S2,BTM Layout
E00275,Tamara Davis,Engineering,S2,Marathahalli
E00276,Dana Chapman,Engineering,S1,Marathahalli
E00277,Jennifer Collins,Finance,S1,BTM Layout
E00278,Gary Jackson,Finance,S2,Electronic City
E00279,Ashley Hicks,Sales,S1,Marathahalli
E00280,Hannah Luna,Sales,S3,Hebbal
E00281,Robin Young,Finance,S2,Koramangala
E00282,Craig Morrison,Sales,S1,Koramangala
E00283,Mary Thompson,HR,S1,HSR Layout
E00284,Kathleen Webster,Finance,S3,Hebbal
E00285,Joann Glass,Sales,S1,BTM Layout
E00286,Madison Weber,Customer Support,S1,HSR Layout
E00287,Lori Hernandez,Engineering,,Indiranagar
E00288,Jeremy Turner,Finance,S3,HSR Layout
E00289,Anthony Romero,Finance,S3,Indiranagar
E00290,Jesse Brown,Customer Support,S2,BTM Layout
E00291,Angela Lin,Finance,S1,Whitefield
E00292,Lisa Hunter,Operations,S1,Marathahalli
E00293,Julian Conner,Operations,S2,Hebbal
E00294,Joanna Pacheco,Customer Support,S2,Marathahalli
E00295,Erica Alvarez,Customer Support,S1,Marathahalli
E00296,Antonio Garcia,HR,S3,HSR Layout
E00297,Gwendolyn Klein,HR,S1,Whitefield
E00298,Carrie Wright,Engineering,S1,Indiranagar
E00299,Jeffrey Mills,Sales,S1,Indiranagar
E00300,Jake Campbell,Finance,S1,BTM Layout
E00301,George Harper,Sales,S1,Indiranagar
E00302,Maria Jones,Sales,S1,Hebbal
E00303,Michael Mitchell,Finance,S1,Hebbal
E00304,Mary Escobar,Engineering,S2,Whitefield
E00305,Felicia Aguilar,Operations,S2,HSR Layout
E00306,Gregory Ponce,Sales,S2,BTM Layout
E00307,Jenna Larson,Customer Support,S3,Indiranagar
E00308,Emily Bennett,Finance,S1,Marathahalli
E00309,Robin Santiago,Finance,S1,Marathahalli
E00310,Nancy Jennings,Customer Support,S3,Marathahalli
E00311,Maria Henderson,Customer Support,S1,Hebbal
E00312,Jack White,Customer Support,S3,HSR Layout
E00313,Travis Tucker,Engineering,S1,Indiranagar
E00314,Chad Jones,Customer Support,S3,Indiranagar
E00315,Ashley Wise,Sales,S1,Electronic City
E00316,Sophia Johnson,Operations,S3,Koramangala
E00317,Ralph Anderson,Sales,S2,Indiranagar
E00318,Christopher Guerra,Customer Support,S3,Hebbal
E00319,Rhonda Martin,Engineering,S1,HSR Layout
E00320,Jason Rhodes,Customer Support,S2,Indiranagar
E00321,Jeremy Mitchell,Customer Support,S3,Indiranagar
E00322,Joann Ferguson,Customer Support,S2,Koramangala
E00323,Robert Harrison,Sales,S2,Whitefield
E00324,Holly Valentine,Customer Support,S2,Koramangala
E00325,Mrs. Diane Reyes,Engineering,S1,Whitefield
E00326,Tracy Montoya,Sales,S2,HSR Layout
E00327,Brenda Wright,Sales,S2,Koramangala
E00328,Shelly Spencer,Engineering,,Hebbal
E00329,Ryan Rosales,HR,S1,Whitefield
E00330,Phillip Nelson,Finance,S1,HSR Layout
E00331,Brittany Kim,Finance,S3,Hebbal
E00332,Courtney Hayes,Operations,S3,Marathahalli
E00333,Alexander Brown,Customer Support,S1,Whitefield
E00334,Cynthia Vang,Engineering,S2,Hebbal
E00335,Alfred Galvan,Finance,S1,Electronic City
E00336,Marie Moody,Engineering,S1,Hebbal
E00337,Dustin Gallegos,Operations,S1,Whitefield
E00338,Brenda Thornton,HR,S1,Koramangala
E00339,Aaron Miller,Engineering,S2,HSR Layout
E00340,Ruben Dunn,Engineering,S1,Indiranagar
E00341,Kelsey Rodriguez,HR,S3,BTM Layout
E00342,Eric Williams,HR,S3,Indiranagar
E00343,Riley Bryant,Finance,S2,BTM Layout
E00344,Taylor Carlson,Customer Support,S2,Hebbal
E00345,Jose Allen,Customer Support,S1,BTM Layout
E00346,Jeffrey Mendez,HR,S3,Whitefield
E00347,Jason Beck,Operations,S2,
E00348,William Jones,Customer Support,S1,Indiranagar
E00349,Katie Mcneil,Operations,S3,Electronic City
E00350,Jeanette Harrison,Operations,S3,Indiranagar
E00351,Veronica King,Operations,S3,Electronic City
E00352,Richard Cooper,Finance,S2,Whitefield
E00353,Lori Ingram,Sales,S2,Hebbal
E00354,Evelyn Williams,Customer Support,S1,Hebbal
E00355,Robin Thompson,Operations,S3,Whitefield
E00356,Julie Dominguez,Sales,S3,HSR Layout
E00357,Robin Brown,Sales,S1,HSR Layout
E00358,Judith Carter,Engineering,S1,Hebbal
E00359,Curtis Williams,Customer Support,S1,Indiranagar
E00360,Kaylee Hays,Finance,S3,Indiranagar
E00361,Dawn Mullins,HR,S3,
E00362,Howard Norman,Sales,S1,Indiranagar
E00363,Evelyn Martinez,Customer Support,S2,Koramangala
E00364,Steve Paul,Engineering,S1,Koramangala
E00365,Jasmine Beltran,Operations,S3,Whitefield
E00366,Jonathan Glass MD,HR,S3,HSR Layout
E00367,Monica Miller,Finance,S3,HSR Layout
E00368,Samantha Gardner,Finance,S1,Electronic City
E00369,Bobby Guerrero,Sales,S1,HSR Layout
E00370,Lance Simmons,Customer Support,S1,BTM Layout
E00371,Heather Williams,Finance,S1,Hebbal
E00372,Heather Bolton,HR,S3,Electronic City
E00373,William Gould,Finance,S3,Whitefield
E00374,Mark Cox,HR,S3,Marathahalli
E00375,Meghan Cisneros,Engineering,S3,HSR Layout
E00376,Lawrence Harrington,Operations,S2,Electronic City
E00377,Austin Osborne,Sales,S2,Whitefield
E00378,James Bradley,HR,S3,
E00379,Meghan Rush,Operations,S3,Whitefield
E00380,Phillip Berry,HR,S1,Hebbal
E00381,Jennifer Banks,Customer Support,S1,Hebbal
E00382,Brian Fitzgerald,HR,S1,Koramangala
E00383,Mr. Justin Green III,Sales,S3,BTM Layout
E00384,Zachary Mitchell,Engineering,S2,Hebbal
E00385,Katherine Martinez,Customer Support,S1,Hebbal
E00386,Jodi Roach,Customer Support,S2,BTM Layout
E00387,Brandon Fleming,Sales,S2,Marathahalli
E00388,Emma Reed,Operations,S1,Electronic City
E00389,Joshua Vance,Finance,S1,Marathahalli
E00390,Michelle Ho,Customer Support,S2,Hebbal
E00391,Rebecca Hicks,HR,S2,BTM Layout
E00392,Curtis Taylor,Finance,S2,Whitefield
E00393,Allison Spencer,Customer Support,S2,Electronic City
E00394,Robert Arnold,Customer Support,S3,HSR Layout
E00395,Angelica Parker,Finance,S2,Electronic City
E00396,Dr. Kelly Hammond DVM,Sales,S2,
E00397,William Day,Finance,S3,Hebbal
E00398,Michael Cooper,Operations,S1,Whitefield
E00399,Penny Bowman,HR,S1,Marathahalli
E00400,Vincent Reynolds,Sales,S1,Hebbal
E00401,Amy Martinez,Engineering,S2,Hebbal
E00402,Christopher Morris,Customer Support,S2,Indiranagar
E00403,Hannah Everett,Customer Support,S2,Koramangala
E00404,Sarah King,Sales,S1,Hebbal
E00405,Krista Martinez,Engineering,S1,Hebbal
E00406,Joseph Shaw,Sales,S1,Whitefield
E00407,Todd Moore,Sales,S1,Indiranagar
E00408,Michelle Jacobs,Customer Support,S2,Koramangala
E00409,Kristy Bryan,HR,S1,Whitefield
E00410,Angel May,Engineering,S1,BTM Layout
E00411,Marilyn Wang,Engineering,S3,Indiranagar
E00412,Mark Jimenez,Engineering,S1,Hebbal
E00413,Donna Frye,Finance,S2,Koramangala
E00414,Dr. Michael Evans,HR,S2,HSR Layout
E00415,Anthony Gonzales,Finance,S1,HSR Layout
E00416,Mr. Lawrence Edwards,Finance,S2,Hebbal
E00417,Morgan Valencia,Finance,S3,Indiranagar
E00418,Bianca Wood,Finance,S3,Koramangala
E00419,Emma Owens,HR,S1,Indiranagar
E00420,David Davis,Engineering,S3,Koramangala
E00421,James Gilbert,Finance,S1,HSR Layout
E00422,Sean Moore,HR,S1,Marathahalli
E00423,Kenneth Edwards,Engineering,S1,HSR Layout
E00424,Kathleen Robertson,Sales,S3,HSR Layout
E00425,Mr. Alexander Landry MD,HR,S1,HSR Layout
E00426,Cindy Gomez,Operations,S1,Hebbal
E00427,Johnny Khan,HR,S2,Hebbal
E00428,Julie Herrera,Customer Support,S1,Hebbal
E00429,Jessica Khan,HR,S1,Marathahalli
E00430,Pamela Diaz,Finance,S1,BTM Layout
E00431,Kelly Lee,Operations,S1,Marathahalli
E00432,Angel Gordon,HR,S1,Indiranagar
E00433,Diana Hays,Operations,S1,BTM Layout
E00434,Barbara Hester,Engineering,S2,BTM Layout
E00435,Robert Morgan,Sales,S1,Marathahalli
E00436,Nicole Gonzalez,Sales,S1,Hebbal
E00437,Kathryn Williams,Finance,S3,BTM Layout
E00438,Gary Wells,Finance,S1,Koramangala
E00439,Larry Robertson,Operations,S2,Whitefield
E00440,Louis Martin,Engineering,S1,Marathahalli
E00441,Nancy Evans MD,Engineering,S1,Hebbal
E00442,Kim Erickson,Engineering,S1,Hebbal
E00443,Robert Richardson,Finance,S1,Koramangala
E00444,Veronica Silva,Engineering,S1,Koramangala
E00445,Molly Watts,Customer Support,S1,Hebbal
E00446,John Coffey,HR,S1,Marathahalli
E00447,Paula Lane,Sales,S1,BTM Layout
E00448,Lauren Jackson,Customer Support,S1,Electronic City
E00449,Lisa Randall,Customer Support,S1,BTM Layout
E00450,Michael Johnson,HR,S1,Hebbal
E00451,Ashley Smith,HR,S2,Whitefield
E00452,Christian Vaughn,Operations,S2,Electronic City
E00453,Reginald Knapp,Operations,S1,HSR Layout
E00454,Nancy Brown,Finance,S2,Electronic City
E00455,Daniel Nguyen,Sales,S2,Electronic City
E00456,Kelly Edwards,Finance,S1,Electronic City
E00457,Thomas Peterson,Sales,S3,
E00458,Raymond Le,Engineering,S3,HSR Layout
E00459,Melissa Bishop,Customer Support,S1,Whitefield
E00460,David Grant,Customer Support,S1,Whitefield
E00461,William Evans,Customer Support,S3,Marathahalli
E00462,Daniel Bush,Operations,S2,BTM Layout
E00463,Gregory Peck,HR,S1,Indiranagar
E00464,Denise Martinez,HR,S1,BTM Layout
E00465,Jamie Baird,Operations,S1,Koramangala
E00466,Tina Ballard,Engineering,S1,Koramangala
E00467,Dwayne Klein,HR,S2,BTM Layout
E00468,Jeremy Scott,Finance,S1,Indiranagar
E00469,Dale Ryan,Operations,S1,Koramangala
E00470,Melissa Taylor,Sales,S2,Hebbal
E00471,Laurie Sanchez,Finance,S1,HSR Layout
E00472,Kiara Little,Sales,S1,HSR Layout
E00473,Jason Love,Finance,S2,Whitefield
E00474,Randy Smith,Sales,S3,HSR Layout
E00475,Tanya Russell,Engineering,S2,Koramangala
E00476,Sherry Woods,Customer Support,S2,Hebbal
E00477,Victor Morris,Sales,S1,HSR Layout
E00478,Susan Davis,Sales,S1,BTM Layout
E00479,Kimberly Sharp,Finance,S2,HSR Layout
E00480,Susan Thompson,Operations,S1,HSR Layout
E00481,Casey Gillespie,Finance,S1,BTM Layout
E00482,Jennifer Simpson DVM,Operations,S1,Electronic City
E00483,Tammy Mcdowell,HR,S1,BTM Layout
E00484,Keith Rodriguez,HR,S1,Marathahalli
E00485,Mrs. Virginia Daniels,Sales,S1,HSR Layout
E00486,Todd Rosales MD,Engineering,S1,HSR Layout
E00487,Brian Martin,Customer Support,S1,BTM Layout
E00488,David Lopez,HR,S3,Whitefield
E00489,Rachel Bradley,HR,S2,Whitefield
E00490,Casey Chase,Customer Support,S2,Hebbal
E00491,Samantha Robertson,HR,S2,
E00492,Michael Lopez,Operations,S1,Marathahalli
E00493,Franklin Wright,HR,S1,Indiranagar
E00494,David Molina,Sales,S2,HSR Layout
E00495,Elizabeth Sharp,Sales,S2,Koramangala
E00496,Matthew Schwartz,Sales,S2,Electronic City
E00497,Bryan Parker,Customer Support,S1,Whitefield
E00498,Jonathan Jacobson,Engineering,S1,Hebbal
E00499,Emily Wilson,Sales,S1,Marathahalli
E00500,Elizabeth Mendez,Engineering,S1,Koramangala
E00501,Casey Hernandez,Customer Support,S2,HSR Layout
E00502,Lisa Perry,Operations,S2,BTM Layout
E00503,Kaitlin Medina,Operations,S1,Indiranagar
E00504,Colleen Wright,HR,S3,Marathahalli
E00505,Shelley Miller,Operations,S2,HSR Layout
E00506,Michael Miller,Finance,S1,HSR Layout
E00507,Amy Kelley,Sales,S1,HSR Layout
E00508,Laura Hernandez,Engineering,S1,Marathahalli
E00509,Joseph Wilson,Engineering,S1,Hebbal
E00510,Kevin Davis,Operations,S1,Koramangala
E00511,Rhonda Chavez,HR,S1,BTM Layout
E00512,Joyce Brown,Engineering,S1,Marathahalli
E00513,Robert Cummings,Engineering,S1,BTM Layout
E00514,Robert Reese,HR,S3,HSR Layout
E00515,Amber Cooper,Finance,S1,Electronic City
E00516,Zachary Michael,Sales,S2,Marathahalli
E00517,Timothy Johnson,HR,S1,HSR Layout
E00518,Randy Cannon,Sales,S3,BTM Layout
E00519,Maria Fisher,Engineering,S1,Marathahalli
E00520,Janet Kane DVM,Finance,S1,Indiranagar
E00521,Michael Stanley,HR,S3,Whitefield
E00522,Martha Bailey,HR,S3,Marathahalli
E00523,Joshua Rice,Sales,S3,Indiranagar
E00524,Courtney Smith,Sales,S1,Electronic City
E00525,Edwin Nunez,Sales,S1,Hebbal
E00526,Kim Morrow,Sales,S2,HSR Layout
E00527,Gregory Hill,Engineering,,BTM Layout
E00528,Molly Rodriguez,Engineering,S2,Koramangala
E00529,Jennifer Miranda,Customer Support,S2,Whitefield
E00530,Alexis Harris,Engineering,,Hebbal
E00531,Andrew Harper,Operations,S2,Electronic City
E00532,Amber Yang,Finance,S1,Koramangala
E00533,David Robinson,Customer Support,S1,Hebbal
E00534,Amy Gordon,HR,S1,
E00535,Robert Dennis,Finance,S2,Koramangala
E00536,Kyle Chambers,Finance,S1,Electronic City
E00537,Eric Thomas,Customer Support,S1,BTM Layout
E00538,Connie Turner,Sales,S2,Whitefield
E00539,Travis Hobbs,Operations,S1,Marathahalli
E00540,Lori Simmons,Finance,S2,Hebbal
E00541,William David DDS,Customer Support,S1,Indiranagar
E00542,Emma Butler,Sales,S1,Electronic City
E00543,James Webster,HR,S2,Marathahalli
E00544,Samuel Turner,Engineering,S1,Marathahalli
E00545,Renee Melendez,Customer Support,S1,BTM Layout
E00546,Tracy Grant,Engineering,S1,Indiranagar
E00547,David Harris,Engineering,S1,Hebbal
E00548,Tammy Boone,Sales,S3,Indiranagar
E00549,Nathaniel Lee,Engineering,S1,Whitefield
E00550,Michael Morrison,Operations,S3,Marathahalli
E00551,Chelsea Gill,HR,S1,Koramangala
E00552,Kristin Mendoza,Engineering,S2,Indiranagar
E00553,Felicia Krueger,HR,S2,Indiranagar
E00554,Timothy Hayden,Operations,S2,Indiranagar
E00555,Zachary Mendoza,Operations,S1,Marathahalli
E00556,Larry Harris,Customer Support,S1,Whitefield
E00557,Kristen Rowe,Operations,S1,Koramangala
E00558,Joseph Howard,Operations,S3,HSR Layout
E00559,Jose Crawford,Sales,S3,Electronic City
E00560,William Harrison,Operations,S3,Whitefield
E00561,Suzanne Wood,Customer Support,S1,Whitefield
E00562,Justin Walker,HR,S2,Indiranagar
E00563,Dean Donovan,Engineering,S3,Marathahalli
E00564,Jennifer Hernandez,Customer Support,S1,Koramangala
E00565,James Whitaker,Operations,S1,Whitefield
E00566,Mr. Michael Scott PhD,HR,S2,BTM Layout
E00567,Maria Henry,Sales,S2,Electronic City
E00568,Robert Jackson,Finance,S3,Electronic City
E00569,Katherine Stark,Customer Support,S1,Hebbal
E00570,Maria Brown,Finance,S2,Electronic City
E00571,Ryan Landry,HR,S1,
E00572,Pamela Gutierrez,Sales,S1,Whitefield
E00573,Crystal Mann,Finance,S1,HSR Layout
E00574,Jonathan Brooks,Engineering,S3,Whitefield
E00575,Mary Jensen,Finance,S2,Hebbal
E00576,Mr. Aaron Arnold,Sales,S2,BTM Layout
E00577,Joseph Hill,Finance,S1,Electronic City
E00578,Alicia Li,Engineering,S3,Hebbal
E00579,Renee Browning,Customer Support,S1,Electronic City
E00580,Brent Hernandez,Engineering,S3,Koramangala
E00581,Joseph Ochoa,Customer Support,S1,Koramangala
E00582,James Watson,Finance,S1,Marathahalli
E00583,Karl Branch,Finance,S1,HSR Layout
E00584,Michael Abbott,Engineering,S1,BTM Layout
E00585,Shannon Malone,Sales,S2,Electronic City
E00586,James Tran,Finance,S2,Indiranagar
E00587,Adam Jackson,Operations,S1,Hebbal
E00588,Mr. Richard Knight PhD,Customer Support,S3,BTM Layout
E00589,Joseph Williams,Finance,S1,Hebbal
E00590,Sean Clay,Sales,S2,BTM Layout
E00591,Anthony Jones,Customer Support,S3,Electronic City
E00592,Stephanie Elliott,Customer Support,S2,BTM Layout
E00593,Timothy Edwards,Customer Support,S1,HSR Layout
E00594,Laurie Goodwin,Sales,S3,Koramangala
E00595,Jennifer Jones,Engineering,S2,Hebbal
E00596,David Davenport,Engineering,S1,Electronic City
E00597,Steven Rivera,Finance,S1,Electronic City
E00598,Brenda Hinton,Sales,S2,Electronic City
E00599,Kathryn Mccann,Operations,S2,Marathahalli
E00600,Jeffrey Roberson,HR,S2,Whitefield
E00601,Randy Friedman,Sales,S3,Marathahalli
E00602,Raymond Johnson,Finance,S2,Electronic City
E00603,Willie Henry,Sales,S1,Marathahalli
E00604,Todd Reynolds,Sales,S1,BTM Layout
E00605,Mary Miller,Customer Support,S1,Whitefield
E00606,Rebecca Marquez,Customer Support,S2,HSR Layout
E00607,Christian Dawson,HR,S1,Electronic City
E00608,Nancy Stewart,Operations,S2,Indiranagar
E00609,Aaron Parker,Operations,S2,Hebbal
E00610,Derrick Anderson,Customer Support,S3,Electronic City
E00611,Jerry Peters,Engineering,S1,
E00612,Alexander Gomez,HR,S3,HSR Layout
E00613,Kyle Nguyen,Finance,S1,Indiranagar
E00614,Edgar Hughes,HR,S3,Whitefield
E00615,Steven Stein,Engineering,S1,HSR Layout
E00616,Laura Jackson,Customer Support,S1,Koramangala
E00617,Charles Turner,Customer Support,S2,HSR Layout
E00618,Arthur Hamilton MD,Engineering,S1,Marathahalli
E00619,Mr. David Wright,Operations,S1,Koramangala
E00620,Linda Gonzalez,Engineering,S2,BTM Layout
E00621,Eric Rush,Sales,S2,Koramangala
E00622,Manuel Brock,Engineering,S2,
E00623,George Ochoa,Finance,,Indiranagar
E00624,Valerie Taylor,Finance,S2,BTM Layout
E00625,Travis Harris,Operations,S1,Marathahalli
E00626,Vincent Novak,Customer Support,S1,Marathahalli
E00627,Michael Henry,HR,S1,Marathahalli
E00628,Dana Bennett,Engineering,S3,Electronic City
E00629,Jenna Wilson,Operations,S2,Koramangala
E00630,Leslie Gardner,Sales,S1,Whitefield
E00631,Krista Benton,Customer Support,S1,Electronic City
E00632,Michael Gonzales,Sales,S3,Hebbal
E00633,Michael Fuentes,Finance,S1,BTM Layout
E00634,Jennifer Porter,Finance,S2,Hebbal
E00635,Dana Hopkins,Operations,S2,HSR Layout
E00636,Rachel Jones,Customer Support,,Electronic City
E00637,Karen Morales DDS,Engineering,S1,BTM Layout
E00638,Melissa Stephens,Sales,,HSR Layout
E00639,Heather Woodard,HR,S3,Hebbal
E00640,Margaret Miller,Engineering,S2,HSR Layout
E00641,Mary Kelly,Finance,S2,Indiranagar
E00642,Amanda Terrell,Engineering,S3,Whitefield
E00643,Jennifer Goodwin,Customer Support,S2,Indiranagar
E00644,Jessica Smith,Operations,S1,Indiranagar
E00645,Jorge Stone,Customer Support,S2,HSR Layout
E00646,Laura Griffin,Engineering,S2,Marathahalli
E00647,Raymond Chapman,Finance,S1,Whitefield
E00648,Haley Johnson,Operations,S2,BTM Layout
E00649,Jason Nixon,Finance,S3,Koramangala
E00650,Todd Thomas,HR,S3,Indiranagar
E00651,Jesse Clark,Engineering,S1,Marathahalli
E00652,Mr. Jeffrey Horton,Sales,S1,BTM Layout
E00653,Eric Patrick,Finance,S3,Whitefield
E00654,Samuel Wong,Finance,S3,Whitefield
E00655,Carly Riggs,Customer Support,S1,Electronic City
E00656,Christopher Moore,HR,S3,BTM Layout
E00657,Tina Hall,Sales,S3,BTM Layout
E00658,Cody Davidson,Customer Support,S2,BTM Layout
E00659,Allen Mendez,Finance,S2,
E00660,Kevin Price,Customer Support,S1,Whitefield
E00661,Christine Goodwin,HR,S1,Koramangala
E00662,Amy Garcia,Sales,S1,Hebbal
E00663,Chelsea Nguyen,Engineering,S3,Marathahalli
E00664,Dennis Huffman,Engineering,S1,BTM Layout
E00665,Margaret Harper,Finance,S1,Indiranagar
E00666,Laurie Bailey,HR,S1,BTM Layout
E00667,Lisa Cervantes,Finance,S2,Electronic City
E00668,Elizabeth Mendez,Sales,S3,
E00669,Cesar Wilson,Operations,S1,Marathahalli
E00670,Clayton Steele,Operations,S1,Marathahalli
E00671,Jennifer Taylor,HR,S2,Electronic City
E00672,Cody Reid,HR,S1,Electronic City
E00673,Maria Cooke,Customer Support,S1,Indiranagar
E00674,Katherine Taylor,Sales,S1,Marathahalli
E00675,Jerry Brown,Operations,S1,Koramangala
E00676,Adam Taylor,Operations,S1,Electronic City
E00677,Tracey Wagner,Operations,S1,HSR Layout
E00678,Michael Perry PhD,HR,S1,Koramangala
E00679,Bradley Johnson DDS,Sales,S3,Koramangala
E00680,Donald Medina,Operations,S1,Electronic City
E00681,Jim Newton,Finance,S2,Hebbal
E00682,Krista Wilson,Sales,S2,Hebbal
E00683,Reginald Morrow,Sales,S1,Marathahalli
E00684,Rodney Williams,Operations,S2,Marathahalli
E00685,Kimberly Fritz,Engineering,S1,Hebbal
E00686,Ronald Potter,Finance,S3,Hebbal
E00687,Zachary Cole,Customer Support,S1,HSR Layout
E00688,Robert Gonzales,Customer Support,S1,Whitefield
E00689,Patricia Young PhD,Customer Support,S1,Electronic City
E00690,Heather Page,Finance,S3,Hebbal
E00691,Carol Taylor,Engineering,S2,Whitefield
E00692,Daniel Brown,Customer Support,S2,Marathahalli
E00693,Douglas Ryan,Sales,S1,Electronic City
E00694,Michael Roberts,HR,S2,Electronic City
E00695,Scott Duke,Finance,S1,BTM Layout
E00696,Anna Estes,Finance,S3,Whitefield
E00697,Tamara Riddle,Customer Support,S1,
E00698,Beth Cline,HR,S1,Hebbal
E00699,Michael Poole,Engineering,S1,Koramangala
E00700,Megan Burns,Engineering,S1,Hebbal
E00701,Debra Perry,Sales,S2,Marathahalli
E00702,Mark Beard,HR,S1,Electronic City
E00703,Jose Ramirez,Engineering,S2,Koramangala
E00704,Jackie Clements,Sales,S1,Indiranagar
E00705,Aaron Schroeder,Finance,S2,Hebbal
E00706,Monica Ellis,Customer Support,S1,Koramangala
E00707,Heather Brown,Customer Support,S1,Marathahalli
E00708,Claudia Jordan,Finance,S2,BTM Layout
E00709,Derrick Clayton,Sales,S1,Marathahalli
E00710,Kenneth Knight,Sales,S1,Whitefield
E00711,Mr. Michael Williams,Engineering,S3,Marathahalli
E00712,Richard Stevens,Engineering,S3,Marathahalli
E00713,Scott Alexander,Customer Support,S1,BTM Layout
E00714,Tyler Harris,Sales,S1,HSR Layout
E00715,Bonnie Santos,Customer Support,S2,Koramangala
E00716,Timothy Hill,HR,S1,Electronic City
E00717,Danielle Watson,Customer Support,S1,Koramangala
E00718,Carol Sanders,Sales,S1,HSR Layout
E00719,Michael Young,Operations,S2,BTM Layout
E00720,Michele Smith,Customer Support,S2,Electronic City
E00721,Casey Perez,Sales,S1,BTM Layout
E00722,Alexandra Dominguez,Operations,S1,
E00723,Virginia Henderson,Sales,S1,Electronic City
E00724,Benjamin Reyes,HR,S2,BTM Layout
E00725,Ashley Edwards,Engineering,S1,Marathahalli
E00726,Breanna Ayala,Customer Support,S1,Marathahalli
E00727,Brandi Haney,Operations,S2,Koramangala
E00728,Joseph Smith,Finance,S1,Marathahalli
E00729,Jessica Bowen,Operations,S2,Indiranagar
E00730,Brittany Jenkins,Operations,S1,Koramangala
E00731,Shannon Miller,Customer Support,S1,Electronic City
E00732,Paul Lawrence,HR,S1,Electronic City
E00733,Victor Edwards,Sales,S2,Whitefield
E00734,Donald Miller,HR,S3,Marathahalli
E00735,Lindsay Lawson,HR,S3,Koramangala
E00736,Melissa Abbott,Operations,S1,BTM Layout
E00737,Elizabeth Holmes,Operations,S2,Koramangala
E00738,Nicole Phillips,Sales,S1,Koramangala
E00739,Steven Blevins,Engineering,S1,Hebbal
E00740,Brian Porter MD,Customer Support,S3,BTM Layout
E00741,Vanessa Hatfield,Finance,S1,Indiranagar
E00742,Bonnie Valencia,Sales,S1,HSR Layout
E00743,Holly Vega,Operations,S1,Hebbal
E00744,Tiffany Townsend,Customer Support,S1,Indiranagar
E00745,Austin Baker,Operations,S1,Hebbal
E00746,Antonio Mccormick,Sales,S2,Marathahalli
E00747,Lori Mason,Finance,S1,
E00748,Michael Miller,Finance,S3,HSR Layout
E00749,Lisa Ramirez,Operations,S3,BTM Layout
E00750,Jorge Harris,HR,S1,Indiranagar
E00751,Kimberly Myers,Customer Support,S1,Koramangala
E00752,Sandra Becker,Sales,S1,Whitefield
E00753,Michael Blair,Customer Support,S2,Hebbal
E00754,Amy Miller,Sales,S1,Electronic City
E00755,Jesse Lynch,Customer Support,S2,Electronic City
E00756,Patrick Yang,Operations,S1,Electronic City
E00757,Michael Miles,Finance,S2,HSR Layout
E00758,Troy Mills,Finance,S1,Koramangala
E00759,Michelle Jackson,Operations,S1,Electronic City
E00760,Richard Adams,Customer Support,S3,Hebbal
E00761,Patricia Johnson,Finance,,Whitefield
E00762,Denise Brown,Finance,S1,Whitefield
E00763,Laura Jones,Operations,S3,Marathahalli
E00764,Ian Porter,Engineering,S1,BTM Layout
E00765,Holly Scott,Operations,S3,Marathahalli
E00766,Kenneth Sharp,Customer Support,S2,Whitefield
E00767,Jordan Williams,Sales,S1,Electronic City
E00768,Dana Ruiz,Operations,S1,Marathahalli
E00769,Chris Velazquez,Engineering,S1,Koramangala
E00770,Kristen Sloan,Finance,S2,HSR Layout
E00771,Jennifer Morris,Sales,S2,Koramangala
E00772,Nathan Nelson,Finance,S1,Hebbal
E00773,Jake Shaw,Engineering,S1,Whitefield
E00774,Cassie Brock,Customer Support,S3,Whitefield
E00775,Dr. Andrea Marshall,Operations,S3,Indiranagar
E00776,Ryan Murphy,Engineering,S2,BTM Layout
E00777,Aimee Gonzalez,Operations,S1,HSR Layout
E00778,Elizabeth Dean,Engineering,S1,HSR Layout
E00779,Kevin Snyder,Operations,S1,Whitefield
E00780,Christie Mccullough,Sales,S3,BTM Layout
E00781,Danielle Smith,Engineering,S1,Hebbal
E00782,David Reed,Finance,S2,Electronic City
E00783,Sherry Tapia,Sales,S1,Whitefield
E00784,Matthew Sweeney,Sales,S2,Indiranagar
E00785,Ashley Moreno,Customer Support,S2,Koramangala
E00786,Johnathan Brown,Engineering,S3,BTM Layout
E00787,Michelle Davis DVM,Operations,S1,Marathahalli
E00788,Kelly Haynes,Operations,S1,BTM Layout
E00789,William Miller,HR,S1,Electronic City
E00790,Casey Wilkins,Engineering,S3,Marathahalli
E00791,Keith Graham,Finance,S3,Whitefield
E00792,Cynthia Green,Engineering,S2,Hebbal
E00793,Robert Haynes,Customer Support,S2,BTM Layout
E00794,Emily Nelson,Sales,S2,HSR Layout
E00795,Dale Chan,Customer Support,S1,Whitefield
E00796,Brittney Martin,Customer Support,S3,Electronic City
E00797,Jason Herrera,Sales,S1,Indiranagar
E00798,Christine Parker,HR,S1,Electronic City
E00799,Bryan Moore,Operations,S2,Marathahalli
E00800,Samantha Terry,Customer Support,S1,Whitefield
